nome_oficial,nome_estadio,imagem,id_estadio,local,uf_estadio,capacidade
Estádio Arena da Floresta,Arena da Floresta,https://s2-ge.glbimg.com/OXrMYlCUTKYpc-YpRYzClDldChI=/0x0:1024x576/984x0/smart/filters:strip_icc()/i.s3.glbimg.com/v1/AUTH_bc8228b6673f488aa253bbcb03c80ec5/internal_photos/bs/2025/X/U/RQJRbGQPGLL1b46GfzjQ/whatsapp-image-2024-11-21-at-10.52.23-1-1024x576.jpeg,arenadafloresta-ac,Rio Branco - AC,AC,20.000
Estádio Antônio Aquino Lopes,Florestão,https://s2-ge.glbimg.com/iYuT23onMmm66pBsz9auBh7q248=/0x0:1280x720/984x0/smart/filters:strip_icc()/i.s3.glbimg.com/v1/AUTH_bc8228b6673f488aa253bbcb03c80ec5/internal_photos/bs/2025/K/s/zYdR0UTgCAJhz84H3DKQ/37ab8b58-794e-4658-840d-a728a174c87c.jpg,florestao-ac,Rio Branco - AC,AC,8.000
Estádio Municipal Coaracy da Mata Fonseca,Coaracy da Mata Fonseca,https://encrypted-tbn0.gstatic.com/images?q=tbn:ANd9GcQdoNnEqKlLax4A2Ho3NGbq64TLCjWKqMYC5DSau9AFmmnhsewDScgP9Ls&s=10,coaracydamatafonseca-al,Arapiraca - AL,AL,12.500
Estádio Municipal de Arapiraca,Fumerão,https://encrypted-tbn0.gstatic.com/images?q=tbn:ANd9GcTKJ8c9DS0-Akl_hU8qmALKjRd2efJg4MBDeNUvtCXkUgfVZ230aQ-i5TGv&s=10,fumerao-al,Arapiraca - AL,AL,15.332
Estádio Severiano Gomes Filho,Pajuçara,,pajucara-al,Maceió - AL,AL,6.000
Estádio Rei Pelé,Trapichão,https://encrypted-tbn0.gstatic.com/images?q=tbn:ANd9GcTvKkkWwfOZa_kEUwojQSLs9SZgFyW3dEB_RoNxLyW9aXiv8C1AO087-eT7&s=10,trapichao-al,Maceió - AL,AL,17.126
Arena da Amazônia,Arena da Amazônia,https://visitemanaus.com/wp-content/uploads/2025/03/Arena-da-Amazonia.webp,arenadaamazonia-am,Manaus - AM,AM,44.000
Estádio Ismael Benigno,Estádio da Colina,https://imotiondigital.com.br/wp-content/uploads/2022/12/estadio-ismael-benigno-da-colina.jpg,estadiodacolina-am,Manaus - AM,AM,10.451
Estádio Milton de Souza Corrêa,Zerão,https://dynamic-media-cdn.tripadvisor.com/media/photo-o/0a/e3/e3/07/o-estadio-visto-do-ceu.jpg?w=1200&h=-1&s=1,zerao-ap,Macapá - AP,AP,13.680
Complexo Esportivo Cultural Octávio Mangabeira,Arena Fonte Nova,https://upload.wikimedia.org/wikipedia/commons/3/34/Arena_Fonte_Nova_view_from_lake_%28zoom%29.jpg?utm_source=pt.wikipedia.org&utm_campaign=index&utm_content=original,arenafontenova-ba,Salvador - BA,BA,50.025
Estádio Manoel Barradas,Barradão,https://campodelas.ig.com.br/wp-content/uploads/2025/11/Sem-nome-1600-x-1000-px-19.jpg,barradao-ba,Salvador - BA,BA,35.000
Estádio Antônio de Figueiredo Carneiro,Carneirão,https://www.alagoinhas.ba.gov.br/wp-content/uploads/2024/01/IMG-20240119-WA0010.jpg,carneirao-ba,Alagoinhas - BA,BA,13.785
Estádio Alberto Oliveira,Joia da Princesa,https://campanelli.com.br/wp-content/uploads/2021/01/joia-da-princesa-2.jpg,joiadaprincesa-ba,Feira de Santana - BA,BA,16.274
Estádio Municipal Lomanto Júnior,Lomantão,https://www.pmvc.ba.gov.br/wp-content/uploads/WhatsApp-Image-2019-11-21-at-15.53.57-680x452.jpeg,lomantao-ba,Vitória da Conquista - BA,BA,11.538
Estádio Governador Roberto Santos,Pituaçu,https://live.staticflickr.com/688/20674274443_9ee3bbe299_b.jpg,pituacu-ba,Salvador - BA,BA,32.157
Estádio Governador Plácido Aderaldo Castelo,Arena Castelão,https://encrypted-tbn0.gstatic.com/images?q=tbn:ANd9GcSUvp99zDwidiPmIdp65_RpVmLpm6WWX3x0WGKwd7bvXn8A5deHcuECGg4&s=10,arenacastelao-ce,Fortaleza - CE,CE,63.903
Estádio Mauro Sampaio,Arena Romeirão,https://upload.wikimedia.org/wikipedia/commons/e/e1/Arena_Mauro_Sampaio%2CO_Romeir%C3%A3o.jpg?utm_source=pt.wikipedia.org&utm_campaign=index&utm_content=original,arenaromeirao-ce,Juazeiro do Norte - CE,CE,17.230
Estádio Olímpico Horácio Domingos de Sousa,Domingão,https://www.rbsdirect.com.br/filestore/8/6/0/1/0/4/5_e05cb4ba9b154c3/5401068_b3d05e91bfa165a.jpg?format=webp&h=408,domingao-ce,Horizonte - CE,CE,10.500
Estádio Governador Virgílio Távora,Mirandão,,mirandao-ce,Crato - CE,CE,10.000
Estádio Presidente Vargas,Presidente Vargas,https://futebolcearense.com.br/adm/fotosavulsas/imagens/thumb_09062017142104-1687.jpg,presidentevargas-ce,Fortaleza - CE,CE,20.268
Estádio Maria de Lourdes Abadia,Abadião,https://s2-ge.glbimg.com/2sVeImGd8zIOnFZ3fkR1bLgEGjo=/0x0:1920x1080/984x0/smart/filters:strip_icc()/i.s3.glbimg.com/v1/AUTH_bc8228b6673f488aa253bbcb03c80ec5/internal_photos/bs/2025/X/7/wMyBiqQGSBArxtoiOV6g/crd-abadiao-dorne-drone-2-.mp4-frame-0.jpeg,abadiao-df,Ceilândia - DF,DF,5.000
Estádio Adonir José Guimarães,Adonir Guimarães,https://blogger.googleusercontent.com/img/b/R29vZ2xl/AVvXsEgmaq5VyVj_-TtTM-o3Z2vxxl9jeVY8a6jm4znstj7F90XEsQYr1aNwLz09de5ELuwJ9pDfkeUgEZJGRawYgbiQePmG58AJ6N2iY3QQKMsuUQRXfAN1sbFm8xDbJ9DA4S5wK2wIWx2h8G0/s1600/Adonir+Guimar%25C3%25A3es.jpg,adonirguimaraes-df,Planaltina - DF,DF,6.000
Estádio Augustinho Pires de Lima,Augustinho Lima,https://s2-ge.glbimg.com/-DFefJhnxMqh6_4XjdxGThkjKXA=/0x0:1280x959/984x0/smart/filters:strip_icc()/s.glbimg.com/es/ge/f/original/2018/03/04/galeria385_040318_121545_2.jpg,augustinholima-df,Sobradinho - DF,DF,15.000
Estádio Valmir Campelo Bezerra,Bezerrão,https://www.esporte.df.gov.br/documents/4951812/8433683/19.07-Estadio-Bezerrao-4.jpg,bezerrao-df,Gama - DF,DF,20.310
Estádio Ciro Machado do Espírito Santo,Defelê,https://upload.wikimedia.org/wikipedia/commons/7/71/Estadio_defele.jpg?utm_source=pt.wikipedia.org&utm_campaign=index&utm_content=original,defele-df,Brasília - DF,DF,1.000
Estádio Juscelino Kubitschek,Estádio JK,https://i.metroimg.com/Z-F4N5WC-Co6hlkV63mi1CWFLQhaQCyZyyLFulYPEoo/rs:fill:1200:800:1/g:no/q:85/f:webp/plain/https://images.metroimg.com/2025/11/21104436/estadiosdf_jk_luisnova_7.jpg,estadiojk-df,Paranoá - DF,DF,5.500
Estádio Nacional de Brasília Mané Garrincha,Mané Garrincha,https://images.adsttc.com/media/images/5746/b78c/e58e/cebb/9600/01e9/large_jpg/001_%C2%A9_Bento_Viana_BV_2238.jpg?1464252277,manegarrincha-df,Brasília - DF,DF,72.788
Estádio Vasco Viana de Andrade,Metropoliana,https://assets.candangol.com.br/stadiums/metropolitana/avatar.webp,metropoliana-df,Núcleo Bandeirante - DF,DF,3.000
Estádio Joaquim Domingos Roriz,Rorizão,https://scontent-bsb1-1.xx.fbcdn.net/v/t1.6435-9/99292397_113608080365599_8660409477704450048_n.jpg?stp=dst-jpg_tt6&cstp=mx960x540&ctp=s960x540&_nc_cat=110&ccb=1-7&_nc_sid=0b6b33&_nc_ohc=CZfFoe9FO0QQ7kNvwFQbN81&_nc_oc=AdooaXqVdhWvN94Ue-sQbaWdeYOoCJnI_n16gd21sXD5CaB0FMYKwFkRveUcjRVFTeI&_nc_zt=23&_nc_ht=scontent-bsb1-1.xx&_nc_gid=6IZ0L-AJeBZv8W9oj-GEZw&_nc_ss=7a2a8&oh=00_AQK9snxpD76E6kfKDPUUOnASIvd2LGQZartbRcDVJtRcNw&oe=6AD39FF6,rorizao-df,Samambaia - DF,DF,5.000
Estádio Elmo Serejo Farias,Serejão,https://assets.candangol.com.br/stadiums/serejao/avatar.webp,serejao-df,Taguatinga - DF,DF,27.000
Estádio Engenheiro Alencar Araripe,Engenheiro Araripe,https://s2-ge.glbimg.com/-hOoBSHM8mP-E8Y3O2tAFZt6dEE=/0x0:2048x1152/984x0/smart/filters:strip_icc()/i.s3.glbimg.com/v1/AUTH_bc8228b6673f488aa253bbcb03c80ec5/internal_photos/bs/2024/m/m/9Im8uqTSejtk6dMpPbxg/estadio-da-desportiva-engenheiro-araripe-em-jardim-america-cariacica-2102751.jpg,engenheiroararipe-es,Cariacica - ES,ES,8.000
Estádio Estadual Kléber José de Andrade,Kleber Andrade,https://descubracariacica.com.br/wp-content/uploads/2024/05/ESTADIO-KLEBER-ANDRADE-2.jpg,kleberandrade-es,Cariacica - ES,ES,21.000
Estádio Municipal Roberto Siqueira Costa,Robertão,,robertao-es,Serra - ES,ES,2.000
Estádio Salvador Venâncio Costa,Salvador Costa,,salvadorcosta-es,Vitória - ES,ES,6.500
Estádio Municipal Abrão Manoel Costa,Abrão Manoel Costa,https://trindade.go.gov.br/wp-content/uploads/2025/06/WhatsApp-Image-2025-06-11-at-13.31.13-1.jpeg,abraomanoelcosta-go,Trindade - GO,GO,4.000
Estádio Municipal Amintas de Freitas,Amintas de Freitas,https://s2-ge.glbimg.com/hzwOOonxdvOzL6U2fOzcG8fCr-w=/0x0:1776x1184/924x0/smart/filters:strip_icc()/i.s3.glbimg.com/v1/AUTH_bc8228b6673f488aa253bbcb03c80ec5/internal_photos/bs/2021/m/s/9Y6hB0RnCsjgCJqzzgzw/amintas.jpg,amintasdefreitas-go,Jaraguá - GO,GO,4.000
Estádio Municipal Annibal Batista de Toledo,Annibal Batista de Toledo,https://753383666.r.cdnsun.net/addons/default/modules/stats/img/venues/600/2946.webp,annibalbatistadetoledo-go,Aparecida de Goiânia - GO,GO,4.800
Estádio Antônio Accioly,Antônio Accioly,https://i.ytimg.com/vi/8daYCvhUhu8/sddefault.jpg,antonioaccioly-go,Goiânia - GO,GO,12.500
Estádio Municipal Jerônimo Ferreira Fraga,Arapucão,https://www.jatai.go.gov.br/wp-content/uploads/2022/02/hadshas.jpg,arapucao-go,Jataí - GO,GO,13.917
Estádio Dirceu de Castro,Dirceuzão,https://distritodoesporte.com/wp-content/uploads/abadiao.jpg,dirceuzao-go,Planaltina - GO,GO,1.500
Estádio Municipal Divino Garcia Rosa,Divinão,https://encrypted-tbn0.gstatic.com/images?q=tbn:ANd9GcS4UGPrZV6ZPgY3UhYWYeYz960Vd5Y_8Azng53g7uaArUuh5o7w3LNG0grG&s=10,divinao-go,Goiás - GO,GO,6.000
Estádio Juscelino Kubitschek,Estádio JK,https://www.ogol.com.br/img/estadios/527/130527_med_juscelino_kubitschek.jpg,estadiojk-go,Itumbiara - GO,GO,15.000
Estádio Municipal Francisco José Ferreira,Ferreirão,https://s2-ge.glbimg.com/Tk3qbH6CSJk3Da0E8bQw_5P80VQ=/0x0:2048x1152/984x0/smart/filters:strip_icc()/i.s3.glbimg.com/v1/AUTH_bc8228b6673f488aa253bbcb03c80ec5/internal_photos/bs/2021/6/E/4O62flRbq0xAvTNcUDzQ/ferreirao.jpg,ferreiraico-go,Iporá - GO,GO,6.520
Estádio Genervino da Fonseca,Genervino da Fonseca,https://upload.wikimedia.org/wikipedia/commons/0/0f/Estadio_Grnrtvino_da_Fonseca.jpg?utm_source=pt.wikipedia.org&utm_campaign=index&utm_content=original,genervinodafonseca-go,Catalão - GO,GO,8.500
Estádio Jonas Duarte,Jonas Duarte,https://www.anapolis.go.gov.br/wp-content/uploads/2023/02/WhatsApp-Image-2023-02-15-at-17.44.44.jpeg,jonasduarte-go,Anápolis - GO,GO,10.707
Estádio Luiz Benedito,Luiz Benedito,https://encrypted-tbn0.gstatic.com/images?q=tbn:ANd9GcQmkIuyPT8-mw9ekyuiTobFjZMmMO---D1GDyaLF2I4ecpkI20A-WVO2wY&s=10,luizbenedito-go,Ouvidor - GO,GO,1.000
Estádio Onésio Brasileiro Alvarenga,OBA,https://soutigrao.com/wp-content/uploads/2024/02/image-58-45.jpg,oba-go,Goiânia - GO,GO,11.788
Estádio Olímpico Pedro Ludovico Teixeira,Olímpico Pedro Ludovico,https://www.goinfra.go.gov.br/arquivos/est%C3%A1dio_olimpico_2.jpg,olimpicopedroludovico-go,Goiânia - GO,GO,13.500
Estádio Municipal Zequinha Roriz,Serra do Lago,https://encrypted-tbn0.gstatic.com/images?q=tbn:ANd9GcSJQQZkpwi4ExyK0h_kHq9Gzefb1jAgDXQE8n8J1HJIB1vykxNPfgcM8lE&s=10,serradolago-go,Luziânia - GO,GO,21.564
Estádio Serra Dourada,Serra Dourada,https://www.goinfra.go.gov.br/arquivos/serra_dourada_no_GE_2.jpg,serradourada-go,Goiânia - GO,GO,42.000
Estádio Hailé Pinheiro,Serrinha,https://esmeraldino.com/wp-content/uploads/2023/12/Serrinha.jpeg,serrinha-go,Goiânia - GO,GO,14.525
Estádio Valdeir José de Oliveira,Valdeir José de Oliveira,,valdeirjosedeoliveira-go,Goianésia - GO,GO,6.000
Estádio Mozart Veloso do Carmo,Velosão,,velosao-go,Rio Verde - GO,GO,8.000
Estádio Municipal João Francisco dos Santos,Binezão,https://s2-ge.glbimg.com/eXM4OcGVI_09B_a3lJ8kmHf_RZU=/1918x0/filters:format(jpeg)/https://i.s3.glbimg.com/v1/AUTH_bc8228b6673f488aa253bbcb03c80ec5/internal_photos/bs/2025/0/v/wHLkUbQWK4Vza353wkaA/estadio-noroeste.png,binezao-ma,Santa Inês - MA,MA,9.146
Estádio Governador João Castelo,Castelão,https://encrypted-tbn0.gstatic.com/images?q=tbn:ANd9GcQO2u-_1VlC2VeXS7iTlwQsKQpb1tFTf8DVbQZ51CYcPBHjVva7g04b_GVM&s=10,castelao-ma,São Luís - MA,MA,40.149
Estádio Frei Epifânio D'Abadia,Frei Epifânio,https://www.maranhaoesportes.com/wp-content/uploads/2026/01/frei.jpeg,freiepifanio-ma,Imperatriz - MA,MA,10.000
Estádio Municipal Nhozinho Santos,Nhozinho Santos,https://s2-ge.glbimg.com/EW2puGkmzpiSH_0HpZcjsMOVKiA=/0x0:8362x3796/984x0/smart/filters:strip_icc()/i.s3.glbimg.com/v1/AUTH_bc8228b6673f488aa253bbcb03c80ec5/internal_photos/bs/2023/Z/g/svhEsNTYevPYLzDhm95w/img-5319.jpg,nhozinhosantos-ma,São Luís - MA,MA,12.891
Arena Zama Maciel,Arena DB,https://encrypted-tbn0.gstatic.com/images?q=tbn:ANd9GcReosr2XiEAD5TFu4zMQ9EcOQj8Qi_GGZi3jeiFgdor8nyaIZD6pXP37N33&s=10,arenadb-mg,Patos de Minas - MG,MG,5.198
Estádio Municipal Gotardo Mandolini,Arena do Calçado,https://www.opopularns.com.br/wp-content/uploads/2022/12/WhatsApp-Image-2022-12-14-at-09.39.08.jpeg,arenadocalcado-mg,Nova Serrana - MG,MG,8.197
Estádio Joaquim Henrique Nogueira,Arena do Jacaré,https://encrypted-tbn0.gstatic.com/images?q=tbn:ANd9GcRxXH82DU_LnFBOTdRPmwzhgTEaiD4u_AIElbl51bnwrsRXDEtNhZ5Fuuu5&s=10,arenadojacare-mg,Sete Lagoas - MG,MG,18.870
Arena MRV,Arena MRV,https://upload.wikimedia.org/wikipedia/commons/b/b5/ARENA_MRV.jpg?utm_source=pt.wikipedia.org&utm_campaign=index&utm_content=original,arenamrv-mg,Belo Horizonte - MG,MG,44.892
Arena Urbsan (Estádio do Campo das Violetas),Arena Urbsan,https://s2-ge.glbimg.com/-QObkrhrNvoTpZITuX47dWhJonA=/0x0:1080x720/984x0/smart/filters:strip_icc()/i.s3.glbimg.com/v1/AUTH_bc8228b6673f488aa253bbcb03c80ec5/internal_photos/bs/2026/m/x/DFE5jYT76ADfIPT7AROA/arena-vera-cruz.jpg,arenaurbsan-mg,Betim - MG,MG,4.815
Estádio Bernardo Rubinger de Queiroz,Bernardo Rubinger,https://encrypted-tbn0.gstatic.com/images?q=tbn:ANd9GcT5YLNE3mQ35l0MAfnTJ4_gBoHnu15CFqseRvtR3JDxhWRVtVMccTPHcfpB&s=10,bernardorubinger-mg,Patos de Minas - MG,MG,10.252
Estádio Municipal Radialista Mário Helênio,Helenão,https://s2-ge.glbimg.com/idSB23P3Ue_sNfTe9Iz23CqcN5c=/0x0:1400x846/984x0/smart/filters:strip_icc()/s.glbimg.com/es/ge/f/original/2017/08/05/0000_pjf_estadio_cm_1_160016.jpg,helenao-mg,Juiz de Fora - MG,MG,31.863
Estádio Raimundo Sampaio,Independência,https://encrypted-tbn0.gstatic.com/images?q=tbn:ANd9GcQLQxeY1Y7sA6YFolpIRpHNu0mMOmTGtEYIOwAkKHZfBPRoI5CyG01l4Pw&s=10,independencia-mg,Belo Horizonte - MG,MG,23.018
Estádio Municipal João Lamego Netto,Ipatingão,https://s2-ge.glbimg.com/GBC8nl7crkx8xX4GbLqEh3mfnIQ=/0x0:1280x960/984x0/smart/filters:strip_icc()/i.s3.glbimg.com/v1/AUTH_bc8228b6673f488aa253bbcb03c80ec5/internal_photos/bs/2017/I/g/BeqwrwT7uWP0EkF830mQ/ipatingao-liberado.jpg,ipatingao-mg,Ipatinga - MG,MG,22.500
Estádio Municipal Irmão Gino Maria Rossi,Manduzão,https://scontent-bsb1-1.xx.fbcdn.net/v/t39.30808-6/495567312_1216263859942649_4157354844102082482_n.jpg?stp=dst-jpg_tt6&cstp=mx2048x1146&ctp=s960x960&_nc_cat=110&ccb=1-7&_nc_sid=833d8c&_nc_ohc=sv65bVYvu2gQ7kNvwFbtNJf&_nc_oc=AdpwUxC-HRE0x-Ut2s3S3hXJ_Gi4RJayooYSxWPXSrrrOVecAyzlRvHLqfS3uSbj2bw&_nc_zt=23&_nc_ht=scontent-bsb1-1.xx&_nc_gid=W7ac3sfefnuYLrMpTSnSxA&_nc_ss=7a2a8&oh=00_AQJOWcaj4O-DCLsXpDbmUetvGBUWfMrg3i6YaXxp2dlNyQ&oe=6AB20E1E,manduzao-mg,Pouso Alegre - MG,MG,26.000
Estádio José Mammoud Abbas,Marmudão,,marmudao-mg,Governador Valadares - MG,MG,8.678
Estádio Municipal Prefeito Dilzon Luiz de Melo,Melão,https://varginhadigital.com.br/wp-content/uploads/2023/09/Estadio-Municipal-Melao-Vaginha.jpg.webp,melao-mg,Varginha - MG,MG,15.471
Estádio Governador Magalhães Pinto,Mineirão,https://www.guiadasemana.com.br/contentFiles/system/pictures/2014/6/115865/original/mineirao.jpg,mineirao-mg,Belo Horizonte - MG,MG,61.846
Estádio Municipal Parque do Sabiá,Parque do Sabiá,https://www.uberlandia.mg.gov.br/wp-content/uploads/2026/05/Estadio-Parque-do-Sabia-2-scaled.jpg,parquedosabia-mg,Uberlândia - MG,MG,53.302
Estádio Soares de Azevedo,Soares de Azevedo,https://dynamic-media-cdn.tripadvisor.com/media/photo-o/0d/ff/d2/94/estadio-soares-de-azevedo.jpg?w=1200&h=-1&s=1,soaresdeazevedo-mg,Muriaé - MG,MG,13.971
Estádio Engenheiro João Guido,Uberabão,https://curtoo.com/images/companies/profile/1721227708.webp,uberabao-mg,Uberaba - MG,MG,16.000
Estádio Frédis Saldivar,Douradão,https://encrypted-tbn0.gstatic.com/images?q=tbn:ANd9GcQbvF1Sf95PW3yaxL__Jf_-5QCXgBdIALBUXn3Jspk0NZiEwAaCnLmlyYg&s=10,douradao-ms,Dourados - MS,MS,30.000
Estádio Universitário Pedro Pedrossian,Morenão,https://cdn6.campograndenews.com.br/uploads/noticias/2022/06/11/0c20b8466384f7a5621f96c1d16b1115b0a3e39a.jpg,morenao-ms,Campo Grande - MS,MS,29.670
Estádio José Fragelli,Arena Pantanal,https://upload.wikimedia.org/wikipedia/commons/1/1c/Arena_Pantanal.jpg?utm_source=pt.wikipedia.org&utm_campaign=index&utm_content=original,arenapantanal-mt,Cuiabá - MT,MT,44.097
Estádio Municipal Engenheiro Luthero Lopes,Luthero Lopes,https://upload.wikimedia.org/wikipedia/commons/7/7a/Est%C3%A1dio_Lutero_Lopes.jpg?utm_source=pt.wikipedia.org&utm_campaign=index&utm_content=original,lutherolopes-mt,Rondonópolis - MT,MT,18.000
Estádio Passo das Emas,Passo das Emas,,passodasemas-mt,Lucas do Rio Verde - MT,MT,10.000
Estádio Arena do Verde,Arena Verde,https://cdn.soccerwiki.org/images/stadium/3590.jpg,arenaverde-pa,Paragominas - PA,PA,10.000
Estádio Evandro Almeida,Baenão,https://s2-ge.glbimg.com/K_WaQ5w1K2UdPqmtCLKJQEPXtPo=/0x0:2000x1333/984x0/smart/filters:strip_icc()/i.s3.glbimg.com/v1/AUTH_bc8228b6673f488aa253bbcb03c80ec5/internal_photos/bs/2026/B/1/BqpOiATRCZPWAhwiCkuw/1812699164.jpg,baenao-pa,Belém - PA,PA,13.792
Estádio Leônidas Sodré de Castro,Curuzu,https://s2-ge.glbimg.com/fDJRpfwbUTzTnRqwzATL3lxIUYs=/227x365:4730x3456/924x0/smart/filters:strip_icc()/i.s3.glbimg.com/v1/AUTH_bc8228b6673f488aa253bbcb03c80ec5/internal_photos/bs/2017/Q/i/4Ceh02SzOxEzZuGcTDcw/1837738815.jpg,curuzu-pa,Belém - PA,PA,16.200
Estádio Olímpico do Pará Jornalista Edgar Proença,Mangueirão,https://s2-ge.glbimg.com/hI__e9HY4sSkSJQVpzLYT3O3Buc=/0x0:3543x2362/984x0/smart/filters:strip_icc()/i.s3.glbimg.com/v1/AUTH_bc8228b6673f488aa253bbcb03c80ec5/internal_photos/bs/2023/8/U/BqeHz2Rmu2CTFM3KdU6A/46999452.jpg,mangueirao-pa,Belém - PA,PA,53.645
Estádio Municipal Zinho de Oliveira,Zinho de Oliveira,,zinhodeoliveira-pa,Velha Marabá - PA,PA,5.500
Estádio Governador José Américo de Almeida Filho,Almeidão,https://mauriliojunior.com/wp-content/uploads/2023/02/Projeto-do-Studio1-12.jpg,almeidao-pb,João Pessoa - PB,PB,25.770
Estádio Governador Ernani Sátyro,Amigão,https://arenacorreio.com.br/arena/wp-content/uploads/88fa6c858ec1b24c5696f1e748f03a92.jpeg,amigao-pb,Campina Grande - PB,PB,25.770
Estádio Eládio de Barros Carvalho,Aflitos,https://s2-ge.glbimg.com/UXBgIuVtdBDA1YLU_4JahLEA9FM=/0x0:2048x1419/984x0/smart/filters:strip_icc()/s.glbimg.com/es/ge/f/original/2019/05/17/afitos.jpg,aflitos-pe,Recife - PE,PE,20.000
Estádio Gov. Carlos Wilson Rocha de Queirós Campos,Arena de Pernambuco,https://encrypted-tbn0.gstatic.com/images?q=tbn:ANd9GcTG1dq2fQXIBRi3r7YOg175jxKa0ZAzPJftFQL3p68JgQ&s=10,arenadepernambuco-pe,São Lourenço da Mata - PE,PE,46.154
Estádio José do Rego Maciel,Arrudão,https://s2-ge.glbimg.com/3KhI5lmwcIeIh-JdvwPL-mqYC8c=/0x0:1920x1080/984x0/smart/filters:strip_icc()/i.s3.glbimg.com/v1/AUTH_bc8228b6673f488aa253bbcb03c80ec5/internal_photos/bs/2026/S/l/NPwIW5RI2C37GPqDX5jA/arruda2.jpeg,arrudao-pe,Recife - PE,PE,60.044
Estádio Cornélio de Barros Muniz,Cornélio de Barros,https://encrypted-tbn0.gstatic.com/images?q=tbn:ANd9GcRAWt7jeUIQYpuvTyD-msiOhgH1-BdN00w9nBKu0SHA1ePQt_b0TRRKNmI&s=10,corneliodebarros-pe,Salgueiro - PE,PE,12.070
Estádio Vila Olímpica Rio Doce,Grito da República,https://cdn.folhape.com.br/img/pc/1100/1/dn_arquivo/2020/02/grito-da-republica-leo-mala.jpg,gritodarepublica-pe,Olinda - PE,PE,10.700
Estádio Adelmar da Costa Carvalho,Ilha do Retiro,https://sportrecife.com.br/wp-content/webp-express/webp-images/uploads/2024/10/FOTOS-SPORT-39.jpg.webp,ilhadoretiro-pe,Recife - PE,PE,26.418
Estádio Luiz José de Lacerda,Lacerdão,https://upload.wikimedia.org/wikipedia/commons/d/d2/Campo_do_Central_Novembro_2011.jpg?utm_source=pt.wikipedia.org&utm_campaign=index&utm_content=original,lacerdao-pe,Caruaru - PE,PE,19.478
Estádio Governador Alberto Tavares Silva,Albertão,https://s2-ge.glbimg.com/nNdSA-BUx4SqdZyrXrXymFrOvl0=/0x0:1920x1080/984x0/smart/filters:strip_icc()/i.s3.glbimg.com/v1/AUTH_bc8228b6673f488aa253bbcb03c80ec5/internal_photos/bs/2023/Y/6/Py91FQTrOZgAw1WsnaDg/166-2251-01.00-20-09-08.quadro009.jpg,albertao-pi,Teresina - PI,PI,44.200
Estádio Municipal Pedro Alelaf,Mão Santa,,maosanta-pi,Parnaíba - PI,PI,4.700
Estádio Municipal 14 de Dezembro,14 de Dezembro,https://encrypted-tbn0.gstatic.com/images?q=tbn:ANd9GcQMehXl55ltpvsLgYAnUcr_1RsMsL3l7uPQDR6yoPVjM2-c6v5XvIUb29K0&s=10,14dedezembro-pr,Toledo - PR,PR,15.280
Estádio do ABC Futebol Clube,ABC,https://paraempresas.iguassu.com.br/wp-content/uploads/2023/07/Estadio-ABC.-Creditos_-Divulgacao-2.jpg,abc-pr,Foz do Iguaçu - PR,PR,12.000
Estádio Mário Celso Petraglia,Arena da Baixada,https://upload.wikimedia.org/wikipedia/commons/4/4f/Arena_Baixada.jpg?utm_source=pt.wikipedia.org&utm_campaign=index&utm_content=original,arenadabaixada-pr,Curitiba - PR,PR,42.372
Estádio Major Antônio Couto Pereira,Couto Pereira,https://cdn.conmebol.com/wp-content/uploads/2016/11/estadiocoutopereira3.jpg,coutopereira-pr,Curitiba - PR,PR,40.502
Estádio Jacy Scaff,Estádio do Café,https://i0.wp.com/blog.londrina.pr.gov.br/wp-content/uploads/2022/03-marco/08.03.22/Estadio-do-Caf%C3%A9-RODOLFO-GAION_CMTU-1.jpg?resize=1170%2C610&ssl=1,estadiodocafe-pr,Londrina - PR,PR,30.000
Estádio Municipal Waldemiro Wagner,Felipão,https://diariodonoroeste.com.br/wp-content/uploads/2024/07/Estadio-23-07-Ivan-Fuquini.jpg,felipao-pr,Paranavaí - PR,PR,17.147
Estádio Germano Krüger,Germano Krüger,https://encrypted-tbn0.gstatic.com/images?q=tbn:ANd9GcS_XHyLrkA0YVPyjT53OQ3rX1C8tzIeG2WCNZ2DMJvrsuEik_IzVpyCu6pk&s=10,germanokruger-pr,Ponta Grossa - PR,PR,10.632
Estádio Olímpico Regional Arnaldo Busato,Olímpico Regional,https://encrypted-tbn0.gstatic.com/images?q=tbn:ANd9GcTAJxtRNqzQY1CVJr_RTJ0e7p02jvV8bRz4d0dTDEfT0pEUzXYv0uzaWYVW&s=10,olimpicoregional-pr,Cascavel - PR,PR,25.000
Estádio Municipal Os Pioneiros,Os Pioneiros,,ospioneiros-pr,Pato Branco - PR,PR,1.500
Estádio Erton Coelho Queiroz,Pinheirão,https://www.curitibahistorica.com.br/admin/assets/uploads/images/publications/files/302c1a806a5184d57048a7af87d9d334.jpg,pinherao-pr,Curitiba - PR,PR,35.000
Estádio Durival Britto e Silva,Vila Capanema,https://media.gazetadopovo.com.br/2019/12/05170146/TREINO-PARANA-3JC-960x540.jpg,vilacapanema-pr,Curitiba - PR,PR,17.140
Estádio Regional Willie Davids,Willie Davids,https://scontent-bsb1-1.cdninstagram.com/v/t51.82787-15/619339065_17961678234006145_6374578711849661154_n.jpg?stp=dst-jpg_e35_tt6&_nc_cat=104&ig_cache_key=MzgxNDE2NTcyMzA2MTYwNjI4NA%3D%3D.3-ccb7-5&ccb=7-5&_nc_sid=58cdad&efg=eyJ2ZW5jb2RlX3RhZyI6IkNBUk9VU0VMX0lURU0ueHBpZHMuNzY2LnNkci5yZWd1bGFyX3Bob3RvLkMzIn0%3D&_nc_ohc=JNnhSrIYjeAQ7kNvwE-B8GC&_nc_oc=AdqLSBNui_XNBFsIa-iXWQNhdV2jKBFGLKuuGfSdxkMSOHghWiJkkkVdsmcxlCGQCRU&_nc_ad=z-m&_nc_cid=0&_nc_zt=23&_nc_ht=scontent-bsb1-1.cdninstagram.com&_nc_gid=Ms1cxitjB-cH6Aiki35l6w&_nc_ss=7a22e&oh=00_AQK5f-2janbWZUdl_xZ-eu6aQExE3KBKklrTiY4GU3NrBA&oe=6AB2168C,williedavids-pr,Maringá - PR,PR,21.600
Estádio Caio Martins,Caio Martins,https://www.brasildefato.com.br/wp-content/uploads/2024/10/image_processing20200201-29235-dprlxw.jpg,caiomartins-rj,Niterói - RJ,RJ,12.000
Estádio Cláudio Moacyr de Azevedo,Cláudio Moacyr de Azevedo,https://macae.rj.gov.br/midia/noticias/40077/1518812025.jpg,claudiomoacyrdeazevedo-rj,Macaé - RJ,RJ,15.000
Estádio Giulite Coutinho,Giulite Coutinho,https://americario.com.br/wp-content/uploads/2026/01/IMG_9620-scaled.jpg,giulitecoutinho-rj,Mesquita - RJ,RJ,13.544
Estádio Ítalo del Cima,Ítalo del Cima,https://encrypted-tbn0.gstatic.com/images?q=tbn:ANd9GcRDfKFvAD3RHu3UopWnD6bl0Ajhcr0-f0BMtcLKh6YnaOlMNIpT7pkR_3M&s=10,italodelcima-rj,Rio de Janeiro - RJ,RJ,18.000
Estádio Jornalista Mário Filho,Maracanã,https://blog.archtrends.com/wp-content/uploads/2025/07/estadiodomaracanaabre.jpeg,maracana-rj,Rio de Janeiro - RJ,RJ,78.838
Estádio Olímpico Nilton Santos,Nilton Santos,https://mobilidade.estadao.com.br/wp-content/uploads/2024/10/Imagem-destacada-Mobilidade-69.jpg.webp,niltonsantos-rj,Rio de Janeiro - RJ,RJ,46.831
Estádio Municipal General Sylvio Raulino de Oliveira,Raulino de Oliveira,https://lncimg.lance.com.br/uploads/2024/10/raulino_oliveira-aspect-ratio-512-320.jpeg,raulinodeoliveira-rj,Volta Redonda - RJ,RJ,18.230
Estádio Vasco da Gama,São Januário,https://encrypted-tbn0.gstatic.com/images?q=tbn:ANd9GcTeLI__uWFHBq_uqoZxw9ormb3D_mzKsAT8H-KC94RyYZEN-GT1JjZTABg&s=10,saojanuario-rj,Rio de Janeiro - RJ,RJ,24.584
Arena das Dunas,Arena das Dunas,https://i0.wp.com/pordentrodorn.com.br/wp-content/uploads/2021/09/FIPE-aponta-que-Arena-das-Dunas-gerou-R-14-bilhao-para-Natal.jpg?fit=1333%2C1000&ssl=1,arenadasdunas-rn,Natal - RN,RN,32.050
Estádio Manoel Dantas Barretto,Barrettão,https://upload.wikimedia.org/wikipedia/commons/7/79/Barret%C3%A3o-2020-Inaugurado.jpg?utm_source=pt.wikipedia.org&utm_campaign=index&utm_content=original,barrettao-rn,Ceará-Mirim - RN,RN,10.000
Estádio Maria Lamas Farache,Frasqueirão,https://s2-ge.glbimg.com/x1GHas5D6HE8hFVRdRM3-4CiFaw=/0x0:1076x827/984x0/smart/filters:strip_icc()/i.s3.glbimg.com/v1/AUTH_bc8228b6673f488aa253bbcb03c80ec5/internal_photos/bs/2025/A/X/fspEcARjuRVoBrapIoAg/frasqueirao-01.jpg,frasqueirao-rn,Natal - RN,RN,16.000
Estádio José de Abreu Bianco,Biancão,https://s2-ge.glbimg.com/D1oDIW5mzFflaDsxeMADuvT7oNg=/0x0:1600x900/984x0/smart/filters:strip_icc()/i.s3.glbimg.com/v1/AUTH_bc8228b6673f488aa253bbcb03c80ec5/internal_photos/bs/2023/r/A/MEknkLTWSpQyNvvozMuQ/ji-parana-x-real-ariquemes-robson-gamax-7-.jpeg,biancao-ro,Ji-Paraná - RO,RO,5.000
Estádio Alfredo Jaconi,Alfredo Jaconi,"https://lncimg.lance.com.br/cdn-cgi/image/width=950,quality=60,fit=pad,format=webp/uploads/2024/10/alfredo_jaconi-aspect-ratio-512-320.jpg",alfredojaconi-rs,Caxias do Sul - RS,RS,19.924
Arena do Grêmio,Arena do Grêmio,https://lncimg.lance.com.br/uploads/2025/05/arena_gremio-aspect-ratio-512-320.jpeg,arenadogremio-rs,Porto Alegre - RS,RS,55.662
Estádio José Pinheiro Borda,Beira-Rio,https://encrypted-tbn0.gstatic.com/images?q=tbn:ANd9GcTqGG7F9y70vnVo5PxeTBfcMpQyvlkT8vKu8ih2x6Y3y334R5NTOJghbVQ&s=10,beirario-rs,Porto Alegre - RS,RS,50.942
Estádio Bento da Silva Freitas,Bento Freitas,https://upload.wikimedia.org/wikipedia/commons/f/fb/Est%C3%A1dio_Bento_Freitas.jpg?utm_source=pt.wikipedia.org&utm_campaign=index&utm_content=original,bentofreitas-rs,Pelotas - RS,RS,10.400
Estádio Esporte Clube Pelotas,Boca do Lobo,https://lncimg.lance.com.br/uploads/2023/09/boca-do-lobo-aspect-ratio-512-320.jpg,bocadolobo-rs,Pelotas - RS,RS,23.336
Estádio Francisco Stédile,Centenário,https://sercaxias.com.br/wp-content/uploads/2025/11/CX-SB-0260-scaled-1400x800.jpg,centenario-rs,Caxias do Sul - RS,RS,22.132
Estádio Colosso da Lagoa,Colosso da Lagoa,https://encrypted-tbn0.gstatic.com/images?q=tbn:ANd9GcSfWO5iNIgbWqQYGgy1t1pkg99S6B9QmL7RBOKmYmMyCfj53F05_c7KAD2n&s=10,colossodalagoa-rs,Erechim - RS,RS,22.000
Estádio João Corrêa da Silveira,Cristo Rei,https://encrypted-tbn0.gstatic.com/images?q=tbn:ANd9GcQYD7-iPo-ZQ_qIrqXjTJPcyLZ02_o-Vxf_DvC_LxWYSptchC7NfRhxjZy7&s=10,cristorei-rs,São Leopoldo - RS,RS,10.000
Estádio Pedra Moura,Estádio Pedra Moura,https://www.ogol.com.br/img/estadios/176/1301176_med_estadio_pedra_moura.jpg.jpg,estadiopedramoura-rs,Bagé - RS,RS,10.000
Estádio Parque Esportivo Montanha dos Vinhedos,Montanha dos Vinhedos,https://blogger.googleusercontent.com/img/b/R29vZ2xl/AVvXsEgdZuWorKK-DySgDvLAlnt2XFfOcRgyWAqknQLgqxgslA5ufJzqVuqh9k8ptXVYS-Zgrj5TB1G5fJMmVus7CNWEOcz6w-yldubRvmWievN-BFqNKY9pDhdS7tFaWrIAjia8cGrhTxW1f5k/s1600/montanha3.jpg,montanhadosvinhedos-rs,Bento Gonçalves - RS,RS,15.000
Estádio Francisco Novelletto Neto,Passo D'Areia,,passodareia-rs,Porto Alegre - RS,RS,10.600
Estádio Vermelhão da Serra,Vermelhão da Serra,https://encrypted-tbn0.gstatic.com/images?q=tbn:ANd9GcRsG8I8Ts3PbAebmSCvIJOw56H_-eD_wi8ToOH_y-Al3ShE40kpo6-Yuc_A&s=10,vermelhaodaserra-rs,Passo Fundo - RS,RS,18.000
Vila Olímpica de Gramado,Vila Olímpica,https://scontent-bsb1-1.cdninstagram.com/v/t51.75761-15/486100111_18490749043027345_2099812095922952887_n.jpg?stp=dst-jpg_e35_tt6&_nc_cat=111&ig_cache_key=MzU5NjI5ODAyMjg4OTYxNDk5MQ%3D%3D.3-ccb7-5&ccb=7-5&_nc_sid=58cdad&efg=eyJ2ZW5jb2RlX3RhZyI6IkZFRUQueHBpZHMuMTI4MC5zZHIucmVndWxhcl9waG90by5DMyJ9&_nc_ohc=xV5rJFGx6MUQ7kNvwHYUxJI&_nc_oc=AdqvJ7NxbuoJXoqv7awjxKfILkoTYoBTMRKJjW698P9YoONLy6sms5SJ8VZQ_2fU2Lg&_nc_ad=z-m&_nc_cid=0&_nc_zt=23&_nc_ht=scontent-bsb1-1.cdninstagram.com&_nc_gid=jb07JA2wvv9CRt_neWyOSg&_nc_ss=7a22e&oh=00_AQIeAEpkR2NaxFAEzkeSw_tieXaOhwd9mqaIPDgDABjxtA&oe=6AB211D2,vilaolimpica-rs,Gramado - RS,RS,610
Arena Condá,Arena Condá,https://static.ndmais.com.br/2023/03/arena-conda-6-1300x973.jpeg,arenaconda-sc,Chapecó - SC,SC,20.289
Arena Joinville,Arena Joinville,https://encrypted-tbn0.gstatic.com/images?q=tbn:ANd9GcR-sT3GsvzKTXT_Kb4z3YflCC9zTOXmSLdKMbEN4iATH8zH0uBQkT86yRvz&s=10,arenajoinville-sc,Joinville - SC,SC,22.400
Estádio Hercílio Luz,Gigantão,https://encrypted-tbn0.gstatic.com/images?q=tbn:ANd9GcShAPEAb-V8IiVpCxkBMVzMvUQD_TdKf7M405F8rn4VxH2BKbEpjZRmsFM&s=10,gigantao-sc,Itajaí - SC,SC,6.010
Estádio Heriberto Hülse,Heriberto Hülse,https://encrypted-tbn0.gstatic.com/images?q=tbn:ANd9GcQM5qYFBAWNr8lgRbG_HOEpEZDiMKJ342SUF_zXth0BHS9VVbbZpVBRJYPX&s=10,heribertohulse-sc,Criciúma - SC,SC,19.225
Estádio João Marcatto,João Marcatto,https://ocp.news/wp-content/uploads/2019/05/Estadio-Joao-Marcatto-2017.jpg,joaomarcatto-sc,Jaraguá do Sul - SC,SC,10.000
Estádio Orlando Scarpelli,Orlando Scarpelli,https://cbntotal.com.br/wp-content/uploads/2026/03/scarpelli.jpg,orlandoscarpelli-sc,Florianópolis - SC,SC,19.584
Estádio Aderbal Ramos da Silva,Ressacada,https://i.pinimg.com/736x/ba/51/f0/ba51f0c09cc7e9b079862f7fedb573b3.jpg,ressacada-sc,Florianópolis - SC,SC,17.826
Estádio Lourival Baptista,Batistão,https://roacontece.com.br/wp-content/uploads/2023/07/Batistao-SECOM-Arthuro-Paganini-scaled.jpg,batistao-se,Aracaju - SE,SE,15.586
Estádio Estadual Etelvino Mendonça,Mendonção,https://s2-ge.glbimg.com/eNkCHMhXWjTmGjDKDDj6rnOvKTA=/0x0:2770x1558/984x0/smart/filters:strip_icc()/i.s3.glbimg.com/v1/AUTH_bc8228b6673f488aa253bbcb03c80ec5/internal_photos/bs/2024/c/m/4kcgp6SDAEyb3KiA5SRw/mendoncao.jpeg,etelvinomendonca-se,Itabaiana - SE,SE,11.224
Estádio Estadual Governador Antônio Carlos Valadares,Vavazão,,vavazao-se,Maruim - SE,SE,10.235
Estádio Municipal Bento de Abreu Sampaio Vidal,Abreuzão,https://uploads.marilianoticia.com.br/2024/01/Imagem-do-WhatsApp-de-2024-01-10-as-16.46.43_2123c956.jpg,abreuzao-sp,Marília - SP,SP,19.800
Estádio Alfredo de Castilho,Alfredão,https://s2-ge.glbimg.com/od7yrsHNUuNgoSHDdxpTwP-zAHI=/0x0:1280x852/984x0/smart/filters:strip_icc()/i.s3.glbimg.com/v1/AUTH_bc8228b6673f488aa253bbcb03c80ec5/internal_photos/bs/2023/y/p/xywEjgQBOY1jdXQnAWEg/whatsapp-image-2023-01-11-at-11.09.07.jpeg,alfredao-sp,Bauru - SP,SP,18.886
Estádio Municipal Anacleto Campanella,Anacleto Campanella,https://www.dgabc.com.br/img/202512593825.jpg,anacletocampanella-sp,São Caetano do Sul - SP,SP,16.744
Estádio Municipal Dr. Orlando Batista Novelli ,Arena Barueri,https://a.espncdn.com/combiner/i?img=%2Fphoto%2F2024%2F0129%2Fr1284127_1296x729_16%2D9.jpg,arenabarueri-sp,Barueri - SP,SP,31.452
Estádio Municipal Dr. Augusto Schmidt Filho,Augusto Schmidt Filho,https://i.ytimg.com/vi/G1QWtL18mhM/maxresdefault.jpg,augustoschmidtfilho-sp,Rio Claro - SP,SP,15.000
Estádio Municipal Barão de Serra Negra,Barão de Serra Negra,https://s2.glbimg.com/Y0YrfhyZhmZCSCQV3okMA3K9wzM=/220x223:977x651/690x390/s.glbimg.com/es/ge/f/original/2015/09/03/xv_novaaa.jpg,baraodeserranegra-sp,Piracicaba - SP,SP,18.000
Estádio Municipal Breno Ribeiro do Val,Breno Ribeiro do Val,https://encrypted-tbn0.gstatic.com/images?q=tbn:ANd9GcRffxIE-jgHuzA8fXRQN7ySb-JtdBwhCyr1Dtr_nFmeySP4dPTSqjTVHDbV&s=10,brenoribeirodoval-sp,Osvaldo Cruz - SP,SP,11.784
Estádio Brinco de Ouro da Princesa,Brinco de Ouro da Princesa,https://guaranifc.com.br/wp-content/uploads/2024/10/IMG_9173-scaled.jpeg,brincodeourodaprincesa-sp,Campinas - SP,SP,29.130
Estádio Municipal Bruno José Daniel,Bruno José Daniel,https://dynamic-media-cdn.tripadvisor.com/media/photo-o/12/14/01/1f/o-estadio-ja-sem-cobertura.jpg?w=1200&h=-1&s=1,brunojosedaniel-sp,Santo André - SP,SP,11.440
Estádio Osvaldo Teixeira Duarte,Canindé,https://s2-oglobo.glbimg.com/ACrAfNHc7xT9vpkCL8XIfZDhCEY=/0x0:653x426/924x0/smart/filters:strip_icc()/i.s3.glbimg.com/v1/AUTH_da025474c0c44edd99332dddb09cabe8/internal_photos/bs/2024/6/O/apYEchSKWB1DHUyejeJA/62788199-estadio-caninde-da-portuguesa-foto-divulgacao.jpg,caninde-sp,São Paulo - SP,SP,21.004
Estádio Municipal Carlos Ferracini,Carlos Ferracini,https://encrypted-tbn0.gstatic.com/images?q=tbn:ANd9GcRNCTq9AXkJOUS6fBQYkSIF7A9ZkhSsAaNEpvGvilgV-g&s,carlosferracini-sp,Caieiras - SP,SP,17.000
Estádio Municipal Décio Vitta,Décio Vitta,https://encrypted-tbn0.gstatic.com/images?q=tbn:ANd9GcRyY7Up6EDQdQlwRoVu53wnJ6nv5foxIE7yLilPnbun8Cde-hOw_jM0OzQ&s=10,deceevitta-sp,Americana - SP,SP,16.300
Estádio Municipal Doutor Adhemar de Barros,Fonte Luminosa,https://scontent-bsb1-1.cdninstagram.com/v/t51.82787-15/620411216_17961830886006145_3728667673040299474_n.jpg?stp=dst-jpg_e35_tt6&_nc_cat=111&ig_cache_key=MzgxNTE2MDQ0ODkyMTE5OTQ3Nw%3D%3D.3-ccb7-5&ccb=7-5&_nc_sid=58cdad&efg=eyJ2ZW5jb2RlX3RhZyI6IkNBUk9VU0VMX0lURU0ueHBpZHMuOTAwLnNkci5yZWd1bGFyX3Bob3RvLkMzIn0%3D&_nc_ohc=Z6L8Pp7_1bQQ7kNvwEKo3El&_nc_oc=AdqrtwHf8kt2QJ2vX6rXbmGi1RcGqzKTWDW11vA3Ec8Bg56FoqoWc0i10l65mMng8Mc&_nc_ad=z-m&_nc_cid=0&_nc_zt=23&_nc_ht=scontent-bsb1-1.cdninstagram.com&_nc_gid=1Is1xUsI7GsIz837AFL4Xg&_nc_ss=7a22e&oh=00_AQJWQtnqdcPAbhTfSjCO2X1DLpzkJ4_N1VlJEmXwMCQS1g&oe=6AB1DD2B,fonteluminosa-sp,Araraquara - SP,SP,20.205
Estádio Antônio Gomes Martins,Fortaleza,https://encrypted-tbn0.gstatic.com/images?q=tbn:ANd9GcQQckiZ2QYxhrOKYgmmg6xveiYL5YstRR6O8Drcyqmp-KDoPQNyt12rwGg&s=10,fortaleza-sp,Barretos - SP,SP,13.007
Estádio Municipal Gilberto Siqueira Lopes,Gilbertão,https://www.jornaldebate.com.br/fotos/noticias/32000/IMAGEM_NOTICIA_0.jpg,gilbertao-sp,Lins - SP,SP,15.000
Estádio Municipal Doutor Hermínio Ometto,Hermínio Ometto,https://encrypted-tbn0.gstatic.com/images?q=tbn:ANd9GcRtPpznah6GFyT1wMobjsfR9Lv_Xnfp-KGxXVFl39Ev4EZ5mItL6i_yVdsA&s=10,herminioometto-sp,Araras - SP,SP,16.096
Estádio Municipal Hudson Buck Ferreira,Hudson Buck Ferreira,https://encrypted-tbn0.gstatic.com/images?q=tbn:ANd9GcSferRAQdGxsmrzcPh9tl39Y8nxFs5bYON3rt1DYdxQCDFNuDeHBgvMDmlP&s=10,hudsonbuckferreira-sp,Matão - SP,SP,14.500
Neo Química Arena,Itaquerão,"https://lncimg.lance.com.br/cdn-cgi/image/width=960,height=1200,quality=75,background=white,fit=pad,format=webp/wp-content-galerias/uploads/2024/05/Corinthians-Neo-Quimica-Arena-Itaquera.jpg",itaquerao-sp,São Paulo - SP,SP,48.234
Estádio Zezinho Magalhães,Jauzão,https://cdn.soccerwiki.org/images/stadium/3796.jpg,jauzao-sp,Jaú - SP,SP,12.978
Estádio Doutor Jayme Cintra,Jayme Cintra,https://s2-ge.glbimg.com/fiPpw85K-6wPwnDmtboCPG3cZyA=/0x0:1600x900/984x0/smart/filters:strip_icc()/i.s3.glbimg.com/v1/AUTH_bc8228b6673f488aa253bbcb03c80ec5/internal_photos/bs/2019/b/E/xjJ5qVROKVvI9QqxqXrQ/48424445-2177189525652606-7025875363003629568-o.jpg,jaymecintra-sp,Jundiaí - SP,SP,15.000
Estádio Municipal Doutor José Lancha Filho,Lanchão,https://www3.franca.sp.gov.br/images/20251231095818_upload.jpg,lanchao-sp,Franca - SP,SP,14.686
Estádio Major José Levy Sobrinho,Limeirão,https://dynamic-media-cdn.tripadvisor.com/media/photo-o/1b/29/92/b3/limeirao.jpg?w=1200&h=1200&s=1,limeirao-sp,Limeira - SP,SP,18.000
Estádio Municipal José Maria de Campos Maia,Maião,https://upload.wikimedia.org/wikipedia/commons/8/8f/Cruzeiro-cruzeiro-mirassol-est%C3%A1dio_campos_maia-1755195575.png?utm_source=pt.wikipedia.org&utm_campaign=index&utm_content=original,josemariadecamposmaia-sp,Mirassol - SP,SP,15.000
Estádio Municipal Maria Tereza Breda,Maria Tereza Breda,https://encrypted-tbn0.gstatic.com/images?q=tbn:ANd9GcQdHn1SqrO4UdMnzXIAeRdMuFJHLCqj--ohkinLmLa3wYAcYBJ3XUDUXw_F&s=10,mariaterezabreda-sp,Olímpia - SP,SP,15.022
Estádio Municipal Martins Pereira,Martins Pereira,https://saojoseec.com.br/wp-content/uploads/2025/03/estadio-municipal-doutor-mario-martins-pereira-sp-t-941w.jpg,martinspereira-sp,São José dos Campos - SP,SP,16.500
Estádio Moisés Lucarelli,Moisés Lucarelli,https://s2-ge.glbimg.com/iIJ1hozng2Pn_QqDg0YZYDS4H70=/1280x0/filters:format(jpeg)/https://i.s3.glbimg.com/v1/AUTH_bc8228b6673f488aa253bbcb03c80ec5/internal_photos/bs/2025/Y/T/kSu8eKTIaFWa9RrFaA1Q/whatsapp-image-2025-11-05-at-09.41.32-1-.jpeg,moiseslucarelli-sp,Campinas - SP,SP,17.728
Estádio Cícero Pompeu de Toledo,Morumbi,https://encrypted-tbn0.gstatic.com/images?q=tbn:ANd9GcSFSyRHtaIzQNPTMuuSILGWgPc7WltPxGUSaiA4gDpD6Q&s=10,morumbi-sp,São Paulo - SP,SP,72.039
Estádio Nabi Abi Chedid,Nabi Abi Chedid,https://img.nsctotal.com.br/wp-content/uploads/2025/12/Nabi-Abi-Chedid.jpg,nabiabichedid-sp,Bragança Paulista - SP,SP,15.010
Estádio Novelli Júnior,Novelli Júnior,https://upload.wikimedia.org/wikipedia/commons/2/24/Est%C3%A1dioNovelliJ%C3%BAnior.jpg?utm_source=pt.wikipedia.org&utm_campaign=index&utm_content=original,novellijunior-sp,Itu - SP,SP,15.600
Nubank Parque,Nubank Parque,https://dynamic-media-cdn.tripadvisor.com/media/photo-o/07/0d/d1/10/allianz-parque.jpg?w=900&h=500&s=1,nubankparque-sp,São Paulo - SP,SP,43.713
Estádio Municipal Paulo Machado de Carvalho,Pacaembu,https://prefeitura.sp.gov.br/documents/34276/0/WhatsApp+Image+2025-01-25+at+13.25.22.jpeg/a3132f46-9a13-271b-b805-3e0aef2f0f97?t=1737825276482,pacaembu-sp,São Paulo - SP,SP,37.900
Estádio Doutor Francisco de Palma Travassos,Palma Travassos,https://scontent-bsb1-1.xx.fbcdn.net/v/t39.30808-6/494508781_1210301640538871_7151175911956365298_n.jpg?stp=dst-jpg_tt6&cstp=mx2048x1354&ctp=p180x540&_nc_cat=111&ccb=1-7&_nc_sid=833d8c&_nc_ohc=NHYzstmu6vcQ7kNvwFUBAsM&_nc_oc=Ado3jvxRdSKh_FiOxeY30nkk7akEU9AJhP4eO-1uIdoy_7Z6otpnp_bkAFGLpsllIaw&_nc_zt=23&_nc_ht=scontent-bsb1-1.xx&_nc_gid=_7fZFcubg9lCDEscgjr3UA&_nc_ss=7a2a8&oh=00_AQL3TFOxkKAvL4n0WHfefKMbKp747bNMdPwGwV1InICwQg&oe=6AB20907,palmatravassos-sp,Ribeirão Preto - SP,SP,18.277
Estádio Primeiro de Maio,Primeiro de Maio,https://images.futebolinterior.com.br/2024/03/berno-1.webp,primeirodemaio-sp,São Bernardo do Campo - SP,SP,15.739
Estádio Municipal Eduardo José Farah,Prudentão,https://s2.glbimg.com/7dPjXy-w7KeonHskIjxq2EiH8wo=/620x390/s.glbimg.com/es/ge/f/original/2013/11/12/dsc_0312_ok.jpg,prudentao-sp,Presidente Prudente - SP,SP,45.954
Estádio Santa Cruz,Santa Cruz,https://upload.wikimedia.org/wikipedia/commons/c/cd/27529_thumbzoom.jpg?utm_source=pt.wikipedia.org&utm_campaign=index&utm_content=original,santacruz-sp,Ribeirão Preto - SP,SP,28.946
Estádio Municipal Sócrates Stamato,Sócrates Stamato,https://scontent-bsb1-1.xx.fbcdn.net/v/t39.30808-6/480133165_1155628549339514_6603706028345145325_n.jpg?stp=dst-jpg_tt6&cstp=mx2048x1139&ctp=s960x960&_nc_cat=100&ccb=1-7&_nc_sid=833d8c&_nc_ohc=8Qny9eyAcN8Q7kNvwGEukGG&_nc_oc=Adr4FrkF6zo7pNGaGh1i3ngpSSaItZDmOc28YC0ap7EzleDgkx7_g5dhNCGKN0rnI5Y&_nc_zt=23&_nc_ht=scontent-bsb1-1.xx&_nc_gid=PIZkjNAmtteyK_Ec3qbxLA&_nc_ss=7a2a8&oh=00_AQJOjSLzrN32K4JoFyJsoBUDk8dq9RrSd7TteXU3xqr1Gg&oe=6AB1FDC8,socratesstamato-sp,Bebedouro - SP,SP,15.300
Estádio Doutor Adhemar de Barros,Taquarão,https://encrypted-tbn0.gstatic.com/images?q=tbn:ANd9GcQxjma_n-LTUTs4AamT5AICFpsYbdgUF3zF7A5ph2W-9wqFzCp8WRKJsgJR&s=10,taquarao-sp,Taquaritinga - SP,SP,16.805
Estádio Benedito Teixeira,Teixeirão,https://s2-ge.glbimg.com/8frvVtqS4tN4KYtf38WG00aE8KI=/0x0:1024x685/1008x0/smart/filters:strip_icc()/i.s3.glbimg.com/v1/AUTH_bc8228b6673f488aa253bbcb03c80ec5/internal_photos/bs/2020/r/N/EDsvBAQJefw9XCCj4Vog/whatsapp-image-2020-06-28-at-11.08.06-2-.jpeg,teixeirao-sp,São José do Rio Preto - SP,SP,32.168
Estádio Tenente Carriço,Tenente Carriço,https://encrypted-tbn0.gstatic.com/images?q=tbn:ANd9GcQTbcU3sJcBileXBm2_UMkjVxtuuZKk6XGl-M8fdxLvZA&s=10,tenentecarrico-sp,Penápolis - SP,SP,15.000
Estádio Municipal Antônio Viana da Silva,Tonicão,,tonicao-sp,Assis - SP,SP,10.500
Estádio Vail Chaves,Vail Chaves,https://oimpactomogi.com.br/wp-content/uploads/2025/03/estadio-vail-chaves-mmec-mogi-mirim-esporte-clube-sapao-da-mogiana.webp,vailchaves-sp,Mogi Mirim - SP,SP,19.900
Estádio Urbano Caldeira,Vila Belmiro,https://www.estadios.net/wp-content/uploads/2019/04/estadio-vila-belmiro-inicial.jpg,vilabelmiro-sp,Santos - SP,SP,16.798
Estádio Leôncio de Souza Miranda,Mirandão,,mirandao-to,Araguaína - TO,TO,10.000
Estádio Nilton Santos,Nilton Santos,"https://static.wixstatic.com/media/6374cc_e32e804cbbe944bcaf294bd1e63512c3~mv2.jpeg/v1/fill/w_250,h_140,al_c,q_90,enc_auto/6374cc_e32e804cbbe944bcaf294bd1e63512c3~mv2.jpeg",niltonsantos-to,Palmas - TO,TO,12.000
Estádio João Ribeiro,Ribeirão,,ribeirao-to,Tocantinópolis - TO,TO,10.000